epoch,step,train_loss,val_loss
0,49,0.0009303881088271737,
0,62,,0.008784370496869087
1,99,0.03339795395731926,
1,125,,0.027077609673142433
2,149,0.012041592039167881,
2,188,,0.021919820457696915
3,199,0.018249833956360817,
3,249,0.023732658475637436,
3,251,,0.04788079857826233
4,299,0.003381958929821849,
4,314,,0.019940905272960663
5,349,0.0018313018372282386,
5,377,,0.012250836938619614
