epoch,step,train_loss,val_loss
0,49,0.025145340710878372,
0,62,,0.033938050270080566
1,99,0.0056221927516162395,
1,125,,0.11583052575588226
2,149,0.002326867077499628,
2,188,,0.09469639509916306
3,199,0.007091747131198645,
3,249,0.012843305245041847,
3,251,,0.0606866329908371
4,299,0.024545133113861084,
4,314,,0.05014372244477272
5,349,0.0011941209668293595,
5,377,,0.05314796417951584
