epoch,step,train_loss,val_loss
0,49,0.004084836691617966,
0,62,,0.0073972768150269985
1,99,0.041936811059713364,
1,125,,0.030036425217986107
2,149,0.0075420839712023735,
2,188,,0.01560075394809246
3,199,0.014234261587262154,
3,249,0.02734907902777195,
3,251,,0.056492775678634644
4,299,0.006716056726872921,
4,314,,0.0223286971449852
5,349,0.0011323055950924754,
5,377,,0.015279087238013744
