epoch,step,train_loss,val_loss
0,49,0.0650385394692421,
0,62,,0.0320870541036129
