epoch,step,train_loss,val_loss
0,49,0.04664132371544838,
0,62,,0.051163170486688614
1,99,0.005295300856232643,
1,125,,0.12170884758234024
2,149,0.0032235835678875446,
2,188,,0.07385623455047607
3,199,0.005858039483428001,
3,249,0.009437764063477516,
3,251,,0.0720069482922554
4,299,0.01664687693119049,
4,314,,0.05375870317220688
5,349,0.0019881785847246647,
5,377,,0.05132262408733368
