epoch,step,train_loss,val_loss
0,49,0.04776725172996521,
0,62,,0.01130299735814333
1,99,0.0060736034065485,
1,125,,0.06481701135635376
2,149,0.0025105695240199566,
2,188,,0.03648058697581291
3,199,0.009078791365027428,
3,249,0.04206288233399391,
3,251,,0.0366530679166317
4,299,0.0059004612267017365,
4,314,,0.011596537195146084
5,349,0.0018727548886090517,
5,377,,0.012694234028458595
