epoch,step,train_loss,val_loss
0,49,0.0035887383855879307,
0,62,,0.005838562734425068
1,99,0.027683109045028687,
1,125,,0.0399371013045311
2,149,0.012609468773007393,
2,188,,0.04789397493004799
3,199,0.017672203481197357,
3,249,0.019932514056563377,
3,251,,0.041627366095781326
4,299,0.0017612173687666655,
4,314,,0.0204131118953228
5,349,0.0022138829808682203,
5,377,,0.010738801211118698
