epoch,step,train_loss,val_loss
0,49,0.04350259155035019,
0,62,,0.029876602813601494
1,99,0.003716152859851718,
1,125,,0.10077480226755142
2,149,0.005381402559578419,
2,188,,0.08522731065750122
3,199,0.007374139036983252,
3,249,0.012174170464277267,
3,251,,0.07660974562168121
4,299,0.005982129834592342,
4,314,,0.05533286929130554
5,349,0.0017266992945224047,
5,377,,0.048337843269109726
