epoch,step,train_loss,val_loss
0,30,,0.22356748580932617
1,49,0.00101781717967242,
1,61,,0.28730812668800354
2,92,,0.026072870939970016
3,99,0.0012680357322096825,
3,123,,0.012772789224982262
4,149,0.0051805404946208,
4,154,,0.01104278676211834
5,185,,0.051322091370821
6,199,0.00011462222028058022,
6,216,,0.03594383969902992
7,247,,0.05227533355355263
8,249,0.0003000004799105227,
8,278,,0.22844243049621582
9,299,0.0010179418604820967,
9,309,,0.11521420627832413
