epoch,step,train_loss,val_loss
0,49,0.004716129507869482,
0,62,,0.008169488050043583
1,99,0.0348491445183754,
1,125,,0.022369403392076492
2,149,0.0063538141548633575,
2,188,,0.01778460294008255
3,199,0.011626781895756721,
3,249,0.029135171324014664,
3,251,,0.05492265149950981
4,299,0.007769729010760784,
4,314,,0.022452710196375847
5,349,0.000673773349262774,
5,377,,0.014533674344420433
