epoch,step,train_loss,val_loss
0,49,0.0007621114491485059,
0,62,,0.0021058116108179092
1,99,0.00038043150561861694,
1,125,,0.0035105671267956495
2,149,0.0001778392615960911,
2,188,,0.005693833343684673
3,199,0.000312577816657722,
3,249,0.0004638178215827793,
3,251,,0.006818300113081932
4,299,0.00032800802728161216,
4,314,,0.004637438338249922
5,349,0.00020830049470532686,
5,377,,0.0029648703057318926
