epoch,step,train_loss,val_loss
0,49,0.001907738158479333,
0,62,,0.05421276390552521
