epoch,step,train_loss,val_loss
0,49,0.002028676215559244,
0,62,,0.007794030476361513
1,99,0.035561881959438324,
1,125,,0.015190829522907734
2,149,0.006776744034141302,
2,188,,0.01736370474100113
3,199,0.015180950984358788,
3,249,0.017618903890252113,
3,251,,0.05189565196633339
4,299,0.005837610457092524,
4,314,,0.023808464407920837
5,349,0.000859680469147861,
5,377,,0.016370007768273354
